{
    "Ar36": {
        "error": 0.00016022424009506011, 
        "filter_outliers_dict": {
            "filter_outliers": true, 
            "iterations": 2, 
            "std_devs": 2
        }, 
        "fit": "Parabolic", 
        "value": 0.0016587492076300084
    }, 
    "Ar37": {
        "error": 0.012295123659907498, 
        "filter_outliers_dict": {
            "filter_outliers": true, 
            "iterations": 2, 
            "std_devs": 2
        }, 
        "fit": "linear", 
        "value": -0.013287755353930468
    }, 
    "Ar38": {
        "error": 0.012013957297494575, 
        "filter_outliers_dict": {
            "filter_outliers": true, 
            "iterations": 2, 
            "std_devs": 2
        }, 
        "fit": "linear", 
        "value": -0.11774091976654912
    }, 
    "Ar39": {
        "error": 0.022853004270790803, 
        "filter_outliers_dict": {
            "filter_outliers": true, 
            "iterations": 2, 
            "std_devs": 2
        }, 
        "fit": "Parabolic", 
        "value": -0.043484441061028806
    }, 
    "Ar40": {
        "error": 0.019614131084258548, 
        "filter_outliers_dict": {
            "filter_outliers": true, 
            "iterations": 2, 
            "std_devs": 2
        }, 
        "fit": "Parabolic", 
        "value": 0.30815409885433587
    }
}