{
    "Ar36": {
        "error": 0.0004250191622500842, 
        "filter_outliers_dict": {
            "filter_outliers": true, 
            "iterations": 2, 
            "std_devs": 2
        }, 
        "fit": "Parabolic", 
        "value": 0.04582648762605587
    }, 
    "Ar37": {
        "error": 0.01187818782010201, 
        "filter_outliers_dict": {
            "filter_outliers": true, 
            "iterations": 2, 
            "std_devs": 2
        }, 
        "fit": "linear", 
        "value": 5.083364478898852
    }, 
    "Ar38": {
        "error": 0.012608514692212549, 
        "filter_outliers_dict": {
            "filter_outliers": true, 
            "iterations": 2, 
            "std_devs": 2
        }, 
        "fit": "linear", 
        "value": -0.030642684467567974
    }, 
    "Ar39": {
        "error": 0.0231167401191965, 
        "filter_outliers_dict": {
            "filter_outliers": true, 
            "iterations": 2, 
            "std_devs": 2
        }, 
        "fit": "Parabolic", 
        "value": 1.964045028296963
    }, 
    "Ar40": {
        "error": 0.021723561291486657, 
        "filter_outliers_dict": {
            "filter_outliers": true, 
            "iterations": 2, 
            "std_devs": 2
        }, 
        "fit": "Parabolic", 
        "value": 15.97780760596157
    }
}