{
    "Ar36": {
        "error": 0.00045102682107831974, 
        "filter_outliers_dict": {
            "filter_outliers": true, 
            "iterations": 2, 
            "std_devs": 2
        }, 
        "fit": "Parabolic", 
        "value": 0.04621602319572767
    }, 
    "Ar37": {
        "error": 0.011249827993635475, 
        "filter_outliers_dict": {
            "filter_outliers": true, 
            "iterations": 2, 
            "std_devs": 2
        }, 
        "fit": "linear", 
        "value": 9.08726459229212
    }, 
    "Ar38": {
        "error": 0.012025793541474197, 
        "filter_outliers_dict": {
            "filter_outliers": true, 
            "iterations": 2, 
            "std_devs": 2
        }, 
        "fit": "linear", 
        "value": 0.6328167869468784
    }, 
    "Ar39": {
        "error": 0.02262100086833081, 
        "filter_outliers_dict": {
            "filter_outliers": true, 
            "iterations": 2, 
            "std_devs": 2
        }, 
        "fit": "Parabolic", 
        "value": 20.64160498121248
    }, 
    "Ar40": {
        "error": 0.028271820408907966, 
        "filter_outliers_dict": {
            "filter_outliers": true, 
            "iterations": 2, 
            "std_devs": 2
        }, 
        "fit": "Parabolic", 
        "value": 178.67986197407376
    }
}