{
    "Ar36": {
        "error": 0.0005839590138621967, 
        "filter_outliers_dict": {
            "filter_outliers": true, 
            "iterations": 2, 
            "std_devs": 2
        }, 
        "fit": "Parabolic", 
        "value": 0.07345882602238682
    }, 
    "Ar37": {
        "error": 0.013344584156362214, 
        "filter_outliers_dict": {
            "filter_outliers": true, 
            "iterations": 2, 
            "std_devs": 2
        }, 
        "fit": "linear", 
        "value": 52.08730375216063
    }, 
    "Ar38": {
        "error": 0.012468703370409232, 
        "filter_outliers_dict": {
            "filter_outliers": true, 
            "iterations": 2, 
            "std_devs": 2
        }, 
        "fit": "linear", 
        "value": 1.1675177394520102
    }, 
    "Ar39": {
        "error": 0.02707488350388509, 
        "filter_outliers_dict": {
            "filter_outliers": true, 
            "iterations": 2, 
            "std_devs": 2
        }, 
        "fit": "Parabolic", 
        "value": 53.84273672003735
    }, 
    "Ar40": {
        "error": 0.026136822434403677, 
        "filter_outliers_dict": {
            "filter_outliers": true, 
            "iterations": 2, 
            "std_devs": 2
        }, 
        "fit": "Parabolic", 
        "value": 82.66788982418075
    }
}