{
    "Ar36": {
        "error": 0.0010518976424397793, 
        "filter_outliers_dict": {
            "filter_outliers": true, 
            "iterations": 2, 
            "std_devs": 2
        }, 
        "fit": "Parabolic", 
        "value": 0.26555623317025084
    }, 
    "Ar37": {
        "error": 0.012283529640977908, 
        "filter_outliers_dict": {
            "filter_outliers": true, 
            "iterations": 2, 
            "std_devs": 2
        }, 
        "fit": "linear", 
        "value": 8.71625603300114
    }, 
    "Ar38": {
        "error": 0.012596766357689868, 
        "filter_outliers_dict": {
            "filter_outliers": true, 
            "iterations": 2, 
            "std_devs": 2
        }, 
        "fit": "linear", 
        "value": 1.105651083693624
    }, 
    "Ar39": {
        "error": 0.024880660273840307, 
        "filter_outliers_dict": {
            "filter_outliers": true, 
            "iterations": 2, 
            "std_devs": 2
        }, 
        "fit": "Parabolic", 
        "value": 37.97153036969165
    }, 
    "Ar40": {
        "error": 0.02896887566928315, 
        "filter_outliers_dict": {
            "filter_outliers": true, 
            "iterations": 2, 
            "std_devs": 2
        }, 
        "fit": "Parabolic", 
        "value": 137.48677390714835
    }
}