{
    "Ar36": {
        "error": 0.00031689746880038497, 
        "filter_outliers_dict": {
            "filter_outliers": true, 
            "iterations": 2, 
            "std_devs": 2
        }, 
        "fit": "Parabolic", 
        "value": 0.0169070479706997
    }, 
    "Ar37": {
        "error": 0.012124364885959119, 
        "filter_outliers_dict": {
            "filter_outliers": true, 
            "iterations": 2, 
            "std_devs": 2
        }, 
        "fit": "linear", 
        "value": 0.1645087171027175
    }, 
    "Ar38": {
        "error": 0.012607507390303148, 
        "filter_outliers_dict": {
            "filter_outliers": true, 
            "iterations": 2, 
            "std_devs": 2
        }, 
        "fit": "linear", 
        "value": 0.4964840302544123
    }, 
    "Ar39": {
        "error": 0.023238019165987004, 
        "filter_outliers_dict": {
            "filter_outliers": true, 
            "iterations": 2, 
            "std_devs": 2
        }, 
        "fit": "Parabolic", 
        "value": 7.494525864305826
    }, 
    "Ar40": {
        "error": 0.018272571731672748, 
        "filter_outliers_dict": {
            "filter_outliers": true, 
            "iterations": 2, 
            "std_devs": 2
        }, 
        "fit": "Parabolic", 
        "value": 11.621856358109335
    }
}