{
    "Ar36": {
        "error": 0.00036060697943347825, 
        "filter_outliers_dict": {
            "filter_outliers": true, 
            "iterations": 2, 
            "std_devs": 2
        }, 
        "fit": "Parabolic", 
        "value": 0.020856141733998353
    }, 
    "Ar37": {
        "error": 0.010149837582871753, 
        "filter_outliers_dict": {
            "filter_outliers": true, 
            "iterations": 2, 
            "std_devs": 2
        }, 
        "fit": "linear", 
        "value": 2.9680126538640135
    }, 
    "Ar38": {
        "error": 0.012747465735621317, 
        "filter_outliers_dict": {
            "filter_outliers": true, 
            "iterations": 2, 
            "std_devs": 2
        }, 
        "fit": "linear", 
        "value": 19.49753721817106
    }, 
    "Ar39": {
        "error": 0.038659630467789884, 
        "filter_outliers_dict": {
            "filter_outliers": true, 
            "iterations": 2, 
            "std_devs": 2
        }, 
        "fit": "Parabolic", 
        "value": 251.4831987273853
    }, 
    "Ar40": {
        "error": 0.028510809737403355, 
        "filter_outliers_dict": {
            "filter_outliers": true, 
            "iterations": 2, 
            "std_devs": 2
        }, 
        "fit": "Parabolic", 
        "value": 112.86966527588513
    }
}