{
    "Ar36": {
        "error": 0.00015420670378235804, 
        "filter_outliers_dict": {
            "filter_outliers": true, 
            "iterations": 2, 
            "std_devs": 2
        }, 
        "fit": "Parabolic", 
        "value": 0.001608520909450612
    }, 
    "Ar37": {
        "error": 0.012108359054511905, 
        "filter_outliers_dict": {
            "filter_outliers": true, 
            "iterations": 2, 
            "std_devs": 2
        }, 
        "fit": "linear", 
        "value": -0.021371236753201336
    }, 
    "Ar38": {
        "error": 0.012565337531428007, 
        "filter_outliers_dict": {
            "filter_outliers": true, 
            "iterations": 2, 
            "std_devs": 2
        }, 
        "fit": "linear", 
        "value": -0.11463551400047546
    }, 
    "Ar39": {
        "error": 0.021817423433830984, 
        "filter_outliers_dict": {
            "filter_outliers": true, 
            "iterations": 2, 
            "std_devs": 2
        }, 
        "fit": "Parabolic", 
        "value": 0.010094361210616794
    }, 
    "Ar40": {
        "error": 0.0195563374333925, 
        "filter_outliers_dict": {
            "filter_outliers": true, 
            "iterations": 2, 
            "std_devs": 2
        }, 
        "fit": "Parabolic", 
        "value": 0.3984122359005461
    }
}