{
    "Ar36": {
        "error": 0.0001974122197319714, 
        "filter_outliers_dict": {
            "filter_outliers": true, 
            "iterations": 2, 
            "std_devs": 2
        }, 
        "fit": "Parabolic", 
        "value": 0.0019797775771600344
    }, 
    "Ar37": {
        "error": 0.011477893041797882, 
        "filter_outliers_dict": {
            "filter_outliers": true, 
            "iterations": 2, 
            "std_devs": 2
        }, 
        "fit": "linear", 
        "value": -0.04494199165688084
    }, 
    "Ar38": {
        "error": 0.013407556895803079, 
        "filter_outliers_dict": {
            "filter_outliers": true, 
            "iterations": 2, 
            "std_devs": 2
        }, 
        "fit": "linear", 
        "value": -0.121515572993034
    }, 
    "Ar39": {
        "error": 0.023924320756290973, 
        "filter_outliers_dict": {
            "filter_outliers": true, 
            "iterations": 2, 
            "std_devs": 2
        }, 
        "fit": "Parabolic", 
        "value": 0.022078031413453422
    }, 
    "Ar40": {
        "error": 0.01971355072651443, 
        "filter_outliers_dict": {
            "filter_outliers": true, 
            "iterations": 2, 
            "std_devs": 2
        }, 
        "fit": "Parabolic", 
        "value": 0.3979019422036522
    }
}